rna_diverse_1	Nc1ccn([C@@H]2O[C@H](CO)[C@@H](O)[C@H]2O)c(=O)n1.Nc1ccn([C@@H]2O[C@H](CO)[C@@H](O)[C@H]2O)c(=O)n1
rna_diverse_2	Nc1ccn([C@@H]2O[C@H](CO)[C@@H](O)[C@H]2O)c(=O)n1.Nc1ccn([C@@H]2O[C@H](CO)[C@@H](O)[C@H]2O)c(=O)n1.Nc1ccn([C@@H]2O[C@H](CO)[C@@H](O)[C@H]2O)c(=O)n
rna_diverse_3	Nc1ccn([C@@H]2O[C@H](CO)[C@@H](O)[C@H]2O)c(=O)n1.Nc1ccn([C@@H]2O[C@H](CO)[C@@H](O)[C@H]2O)c(=O)n1.Nc1nc2c(ncn2[C@@H]2O[C@H](CO)[C@@H](O)[C@H]2O)c(=O)[nH]1
rna_diverse_4	Nc1ccn([C@@H]2O[C@H](CO)[C@@H](O)[C@H]2O)c(=O)n1.Nc1ccn([C@@H]2O[C@H](CO)[C@@H](O)[C@H]2O)c(=O)n1.Nc1ncnc2c1ncn2[C@@H]1O[C@H](CO)[C@@H](O)[C@H]1O
rna_diverse_5	Nc1ccn([C@@H]2O[C@H](CO)[C@@H](O)[C@H]2O)c(=O)n1.Nc1ccn([C@@H]2O[C@H](CO)[C@@H](O)[C@H]2O)c(=O)n1.O=c1ccn([C@@H]2O[C@H](CO)[C@@H](O)[C@H]2O)c(=O)[nH]
rna_diverse_6	Nc1ccn([C@@H]2O[C@H](CO)[C@@H](O)[C@H]2O)c(=O)n1.Nc1nc2c(ncn2[C@@H]2O[C@H](CO)[C@@H](O)[C@H]2O)c(=O)[nH]1
rna_diverse_7	Nc1ccn([C@@H]2O[C@H](CO)[C@@H](O)[C@H]2O)c(=O)n1.Nc1nc2c(ncn2[C@@H]2O[C@H](CO)[C@@H](O)[C@H]2O)c(=O)[nH]1.Nc1nc2c(ncn2[C@@H]2O[C@H](CO)[C@@H](O)[C@H]2O)c(=O)[nH]1
rna_diverse_8	Nc1ccn([C@@H]2O[C@H](CO)[C@@H](O)[C@H]2O)c(=O)n1.Nc1nc2c(ncn2[C@@H]2O[C@H](CO)[C@@H](O)[C@H]2O)c(=O)[nH]1.Nc1ncnc2c1ncn2[C@@H]1O[C@H](CO)[C@@H](O)[C@H]1O
rna_diverse_9	Nc1ccn([C@@H]2O[C@H](CO)[C@@H](O)[C@H]2O)c(=O)n1.Nc1nc2c(ncn2[C@@H]2O[C@H](CO)[C@@H](O)[C@H]2O)c(=O)[nH]1.O=c1ccn([C@@H]2O[C@H](CO)[C@@H](O)[C@H]2O)c(=O)[nH]1
rna_diverse_10	Nc1ccn([C@@H]2O[C@H](CO)[C@@H](O)[C@H]2O)c(=O)n1.Nc1ncnc2c1ncn2[C@@H]1O[C@H](CO)[C@@H](O)[C@H]1O
rna_diverse_11	Nc1ccn([C@@H]2O[C@H](CO)[C@@H](O)[C@H]2O)c(=O)n1.Nc1ncnc2c1ncn2[C@@H]1O[C@H](CO)[C@@H](O)[C@H]1O.Nc1ncnc2c1ncn2[C@@H]1O[C@H](CO)[C@@H](O)[C@H]1O
rna_diverse_12	Nc1ccn([C@@H]2O[C@H](CO)[C@@H](O)[C@H]2O)c(=O)n1.Nc1ncnc2c1ncn2[C@@H]1O[C@H](CO)[C@@H](O)[C@H]1O.O=c1ccn([C@@H]2O[C@H](CO)[C@@H](O)[C@H]2O)c(=O)[nH]1
rna_diverse_13	Nc1ccn([C@@H]2O[C@H](CO)[C@@H](O)[C@H]2O)c(=O)n1.O=c1ccn([C@@H]2O[C@H](CO)[C@@H](O)[C@H]2O)c(=O)[nH]1
rna_diverse_14	Nc1ccn([C@@H]2O[C@H](CO)[C@@H](O)[C@H]2O)c(=O)n1.O=c1ccn([C@@H]2O[C@H](CO)[C@@H](O)[C@H]2O)c(=O)[nH]1.O=c1ccn([C@@H]2O[C@H](CO)[C@@H](O)[C@H]2O)c(=O)[nH]1
rna_diverse_15	Nc1ccn([C@@H]2O[C@H](CO)[C@@H](OP(=O)([O-])OC[C@H]3O[C@@H](n4ccc(=O)[nH]c4=O)[C@H](O)[C@@H]3OP(=O)([O-])OC[C@H]3O[C@@H](n4ccc(=O)[nH]c4=O)[C@H](O)[C@@H]3O)[C@H]2O)c(=O)n1
rna_diverse_16	Nc1ccn([C@@H]2O[C@H](CO)[C@@H](OP(=O)([O-])OC[C@H]3O[C@@H](n4ccc(=O)[nH]c4=O)[C@H](O)[C@@H]3OP(=O)([O-])OC[C@H]3O[C@@H](n4cnc5c(=O)[nH]c(N)nc54)[C@H](O)[C@@H]3O)[C@H]2O)c(=O)n1
rna_diverse_17	Nc1ccn([C@@H]2O[C@H](CO)[C@@H](OP(=O)([O-])OC[C@H]3O[C@@H](n4ccc(=O)[nH]c4=O)[C@H](O)[C@@H]3OP(=O)([O-])OC[C@H]3O[C@@H](n4cnc5c(N)ncnc54)[C@H](O)[C@@H]3O)[C@H]2O)c(=O)n1
rna_diverse_18	Nc1ccn([C@@H]2O[C@H](CO)[C@@H](OP(=O)([O-])OC[C@H]3O[C@@H](n4ccc(N)nc4=O)[C@H](O)[C@@H]3OP(=O)([O-])OC[C@H]3O[C@@H](n4ccc(=O)[nH]c4=O)[C@H](O)[C@@H]3O)[C@H]2O)c(=O)n1
rna_diverse_19	Nc1ccn([C@@H]2O[C@H](CO)[C@@H](OP(=O)([O-])OC[C@H]3O[C@@H](n4ccc(N)nc4=O)[C@H](O)[C@@H]3OP(=O)([O-])OC[C@H]3O[C@@H](n4cnc5c(=O)[nH]c(N)nc54)[C@H](O)[C@@H]3O)[C@H]2O)c(=O)n1
rna_diverse_20	Nc1ccn([C@@H]2O[C@H](CO)[C@@H](OP(=O)([O-])OC[C@H]3O[C@@H](n4ccc(N)nc4=O)[C@H](O)[C@@H]3OP(=O)([O-])OC[C@H]3O[C@@H](n4cnc5c(N)ncnc54)[C@H](O)[C@@H]3O)[C@H]2O)c(=O)n1
rna_diverse_21	Nc1ccn([C@@H]2O[C@H](CO)[C@@H](OP(=O)([O-])OC[C@H]3O[C@@H](n4cnc5c(=O)[nH]c(N)nc54)[C@H](O)[C@@H]3OP(=O)([O-])OC[C@H]3O[C@@H](n4ccc(=O)[nH]c4=O)[C@H](O)[C@@H]3O)[C@H]2O)c(=O)n1
rna_diverse_22	Nc1ccn([C@@H]2O[C@H](CO)[C@@H](OP(=O)([O-])OC[C@H]3O[C@@H](n4cnc5c(=O)[nH]c(N)nc54)[C@H](O)[C@@H]3OP(=O)([O-])OC[C@H]3O[C@@H](n4cnc5c(=O)[nH]c(N)nc54)[C@H](O)[C@@H]3O)[C@H]2O)c(=O)n1
rna_diverse_23	Nc1ccn([C@@H]2O[C@H](CO)[C@@H](OP(=O)([O-])OC[C@H]3O[C@@H](n4cnc5c(=O)[nH]c(N)nc54)[C@H](O)[C@@H]3OP(=O)([O-])OC[C@H]3O[C@@H](n4cnc5c(N)ncnc54)[C@H](O)[C@@H]3O)[C@H]2O)c(=O)n1
rna_diverse_24	Nc1ccn([C@@H]2O[C@H](CO)[C@@H](OP(=O)([O-])OC[C@H]3O[C@@H](n4cnc5c(N)ncnc54)[C@H](O)[C@@H]3OP(=O)([O-])OC[C@H]3O[C@@H](n4ccc(=O)[nH]c4=O)[C@H](O)[C@@H]3O)[C@H]2O)c(=O)n1
rna_diverse_25	Nc1ccn([C@@H]2O[C@H](CO)[C@@H](OP(=O)([O-])OC[C@H]3O[C@@H](n4cnc5c(N)ncnc54)[C@H](O)[C@@H]3OP(=O)([O-])OC[C@H]3O[C@@H](n4cnc5c(=O)[nH]c(N)nc54)[C@H](O)[C@@H]3O)[C@H]2O)c(=O)n1
rna_diverse_26	Nc1ccn([C@@H]2O[C@H](CO)[C@@H](OP(=O)([O-])OC[C@H]3O[C@@H](n4cnc5c(N)ncnc54)[C@H](O)[C@@H]3OP(=O)([O-])OC[C@H]3O[C@@H](n4cnc5c(N)ncnc54)[C@H](O)[C@@H]3O)[C@H]2O)c(=O)n1
rna_diverse_27	Nc1ccn([C@@H]2O[C@H](COP(=O)([O-])O[C@@H]3[C@@H](CO)O[C@@H](n4ccc(=O)[nH]c4=O)[C@@H]3O)[C@@H](OP(=O)([O-])OC[C@H]3O[C@@H](n4ccc(=O)[nH]c4=O)[C@H](O)[C@@H]3O)[C@H]2O)c(=O)n1
rna_diverse_28	Nc1ccn([C@@H]2O[C@H](COP(=O)([O-])O[C@@H]3[C@@H](CO)O[C@@H](n4ccc(=O)[nH]c4=O)[C@@H]3O)[C@@H](OP(=O)([O-])OC[C@H]3O[C@@H](n4cnc5c(=O)[nH]c(N)nc54)[C@H](O)[C@@H]3O)[C@H]2O)c(=O)n1
rna_diverse_29	Nc1ccn([C@@H]2O[C@H](COP(=O)([O-])O[C@@H]3[C@@H](CO)O[C@@H](n4ccc(=O)[nH]c4=O)[C@@H]3O)[C@@H](OP(=O)([O-])OC[C@H]3O[C@@H](n4cnc5c(N)ncnc54)[C@H](O)[C@@H]3O)[C@H]2O)c(=O)n1
rna_diverse_30	Nc1ccn([C@@H]2O[C@H](COP(=O)([O-])O[C@@H]3[C@@H](CO)O[C@@H](n4cnc5c(=O)[nH]c(N)nc54)[C@@H]3O)[C@@H](OP(=O)([O-])OC[C@H]3O[C@@H](n4ccc(=O)[nH]c4=O)[C@H](O)[C@@H]3O)[C@H]2O)c(=O)n1
rna_diverse_31	Nc1ccn([C@@H]2O[C@H](COP(=O)([O-])O[C@@H]3[C@@H](CO)O[C@@H](n4cnc5c(=O)[nH]c(N)nc54)[C@@H]3O)[C@@H](OP(=O)([O-])OC[C@H]3O[C@@H](n4cnc5c(=O)[nH]c(N)nc54)[C@H](O)[C@@H]3O)[C@H]2O)c(=O)n1
rna_diverse_32	Nc1ccn([C@@H]2O[C@H](COP(=O)([O-])O[C@@H]3[C@@H](CO)O[C@@H](n4cnc5c(=O)[nH]c(N)nc54)[C@@H]3O)[C@@H](OP(=O)([O-])OC[C@H]3O[C@@H](n4cnc5c(N)ncnc54)[C@H](O)[C@@H]3O)[C@H]2O)c(=O)n1
rna_diverse_33	Nc1ccn([C@@H]2O[C@H](COP(=O)([O-])O[C@@H]3[C@@H](CO)O[C@@H](n4cnc5c(N)ncnc54)[C@@H]3O)[C@@H](OP(=O)([O-])OC[C@H]3O[C@@H](n4ccc(=O)[nH]c4=O)[C@H](O)[C@@H]3O)[C@H]2O)c(=O)n1
rna_diverse_34	Nc1ccn([C@@H]2O[C@H](COP(=O)([O-])O[C@@H]3[C@@H](CO)O[C@@H](n4cnc5c(N)ncnc54)[C@@H]3O)[C@@H](OP(=O)([O-])OC[C@H]3O[C@@H](n4cnc5c(=O)[nH]c(N)nc54)[C@H](O)[C@@H]3O)[C@H]2O)c(=O)n1
rna_diverse_35	Nc1ccn([C@@H]2O[C@H](COP(=O)([O-])O[C@@H]3[C@@H](CO)O[C@@H](n4cnc5c(N)ncnc54)[C@@H]3O)[C@@H](OP(=O)([O-])OC[C@H]3O[C@@H](n4cnc5c(N)ncnc54)[C@H](O)[C@@H]3O)[C@H]2O)c(=O)n1
rna_diverse_36	Nc1ccn([C@@H]2O[C@H](COP(=O)([O-])O[C@@H]3[C@@H](COP(=O)([O-])O[C@@H]4[C@@H](CO)O[C@@H](n5ccc(=O)[nH]c5=O)[C@@H]4O)O[C@@H](n4ccc(=O)[nH]c4=O)[C@@H]3O)[C@@H](O)[C@H]2O)c(=O)n1
rna_diverse_37	Nc1ccn([C@@H]2O[C@H](COP(=O)([O-])O[C@@H]3[C@@H](COP(=O)([O-])O[C@@H]4[C@@H](CO)O[C@@H](n5ccc(=O)[nH]c5=O)[C@@H]4O)O[C@@H](n4ccc(N)nc4=O)[C@@H]3O)[C@@H](O)[C@H]2O)c(=O)n1
rna_diverse_38	Nc1ccn([C@@H]2O[C@H](COP(=O)([O-])O[C@@H]3[C@@H](COP(=O)([O-])O[C@@H]4[C@@H](CO)O[C@@H](n5ccc(=O)[nH]c5=O)[C@@H]4O)O[C@@H](n4cnc5c(=O)[nH]c(N)nc54)[C@@H]3O)[C@@H](O)[C@H]2O)c(=O)n1
rna_diverse_39	Nc1ccn([C@@H]2O[C@H](COP(=O)([O-])O[C@@H]3[C@@H](COP(=O)([O-])O[C@@H]4[C@@H](CO)O[C@@H](n5ccc(=O)[nH]c5=O)[C@@H]4O)O[C@@H](n4cnc5c(N)ncnc54)[C@@H]3O)[C@@H](O)[C@H]2O)c(=O)n1
rna_diverse_40	Nc1ccn([C@@H]2O[C@H](COP(=O)([O-])O[C@@H]3[C@@H](COP(=O)([O-])O[C@@H]4[C@@H](CO)O[C@@H](n5ccc(N)nc5=O)[C@@H]4O)O[C@@H](n4ccc(=O)[nH]c4=O)[C@@H]3O)[C@@H](O)[C@H]2O)c(=O)n1
rna_diverse_41	Nc1ccn([C@@H]2O[C@H](COP(=O)([O-])O[C@@H]3[C@@H](COP(=O)([O-])O[C@@H]4[C@@H](CO)O[C@@H](n5ccc(N)nc5=O)[C@@H]4O)O[C@@H](n4ccc(N)nc4=O)[C@@H]3O)[C@@H](O)[C@H]2O)c(=O)n1
rna_diverse_42	Nc1ccn([C@@H]2O[C@H](COP(=O)([O-])O[C@@H]3[C@@H](COP(=O)([O-])O[C@@H]4[C@@H](CO)O[C@@H](n5ccc(N)nc5=O)[C@@H]4O)O[C@@H](n4cnc5c(=O)[nH]c(N)nc54)[C@@H]3O)[C@@H](O)[C@H]2O)c(=O)n1
rna_diverse_43	Nc1ccn([C@@H]2O[C@H](COP(=O)([O-])O[C@@H]3[C@@H](COP(=O)([O-])O[C@@H]4[C@@H](CO)O[C@@H](n5ccc(N)nc5=O)[C@@H]4O)O[C@@H](n4cnc5c(N)ncnc54)[C@@H]3O)[C@@H](O)[C@H]2O)c(=O)n1
rna_diverse_44	Nc1ccn([C@@H]2O[C@H](COP(=O)([O-])O[C@@H]3[C@@H](COP(=O)([O-])O[C@@H]4[C@@H](CO)O[C@@H](n5cnc6c(=O)[nH]c(N)nc65)[C@@H]4O)O[C@@H](n4ccc(=O)[nH]c4=O)[C@@H]3O)[C@@H](O)[C@H]2O)c(=O)n1
rna_diverse_45	Nc1ccn([C@@H]2O[C@H](COP(=O)([O-])O[C@@H]3[C@@H](COP(=O)([O-])O[C@@H]4[C@@H](CO)O[C@@H](n5cnc6c(=O)[nH]c(N)nc65)[C@@H]4O)O[C@@H](n4ccc(N)nc4=O)[C@@H]3O)[C@@H](O)[C@H]2O)c(=O)n1
rna_diverse_46	Nc1ccn([C@@H]2O[C@H](COP(=O)([O-])O[C@@H]3[C@@H](COP(=O)([O-])O[C@@H]4[C@@H](CO)O[C@@H](n5cnc6c(=O)[nH]c(N)nc65)[C@@H]4O)O[C@@H](n4cnc5c(=O)[nH]c(N)nc54)[C@@H]3O)[C@@H](O)[C@H]2O)c(=O)n1
rna_diverse_47	Nc1ccn([C@@H]2O[C@H](COP(=O)([O-])O[C@@H]3[C@@H](COP(=O)([O-])O[C@@H]4[C@@H](CO)O[C@@H](n5cnc6c(=O)[nH]c(N)nc65)[C@@H]4O)O[C@@H](n4cnc5c(N)ncnc54)[C@@H]3O)[C@@H](O)[C@H]2O)c(=O)n1
rna_diverse_48	Nc1ccn([C@@H]2O[C@H](COP(=O)([O-])O[C@@H]3[C@@H](COP(=O)([O-])O[C@@H]4[C@@H](CO)O[C@@H](n5cnc6c(N)ncnc65)[C@@H]4O)O[C@@H](n4ccc(=O)[nH]c4=O)[C@@H]3O)[C@@H](O)[C@H]2O)c(=O)n1
rna_diverse_49	Nc1ccn([C@@H]2O[C@H](COP(=O)([O-])O[C@@H]3[C@@H](COP(=O)([O-])O[C@@H]4[C@@H](CO)O[C@@H](n5cnc6c(N)ncnc65)[C@@H]4O)O[C@@H](n4ccc(N)nc4=O)[C@@H]3O)[C@@H](O)[C@H]2O)c(=O)n1
rna_diverse_50	Nc1ccn([C@@H]2O[C@H](COP(=O)([O-])O[C@@H]3[C@@H](COP(=O)([O-])O[C@@H]4[C@@H](CO)O[C@@H](n5cnc6c(N)ncnc65)[C@@H]4O)O[C@@H](n4cnc5c(=O)[nH]c(N)nc54)[C@@H]3O)[C@@H](O)[C@H]2O)c(=O)n1
rna_diverse_51	Nc1ccn([C@@H]2O[C@H](COP(=O)([O-])O[C@@H]3[C@@H](COP(=O)([O-])O[C@@H]4[C@@H](CO)O[C@@H](n5cnc6c(N)ncnc65)[C@@H]4O)O[C@@H](n4cnc5c(N)ncnc54)[C@@H]3O)[C@@H](O)[C@H]2O)c(=O)n1
rna_diverse_52	Nc1nc2c(ncn2[C@@H]2O[C@H](CO)[C@@H](O)[C@H]2O)c(=O)[nH]1.Nc1nc2c(ncn2[C@@H]2O[C@H](CO)[C@@H](O)[C@H]2O)c(=O)[nH]1
rna_diverse_53	Nc1nc2c(ncn2[C@@H]2O[C@H](CO)[C@@H](O)[C@H]2O)c(=O)[nH]1.Nc1nc2c(ncn2[C@@H]2O[C@H](CO)[C@@H](O)[C@H]2O)c(=O)[nH]1.Nc1nc2c(ncn2[C@@H]2O[C@H](CO)[C@@H](O)[C@H]2O)c(=O)[nH]1
rna_diverse_54	Nc1nc2c(ncn2[C@@H]2O[C@H](CO)[C@@H](O)[C@H]2O)c(=O)[nH]1.Nc1nc2c(ncn2[C@@H]2O[C@H](CO)[C@@H](O)[C@H]2O)c(=O)[nH]1.Nc1ncnc2c1ncn2[C@@H]1O[C@H](CO)[C@@H](O)[C@H]1O
rna_diverse_55	Nc1nc2c(ncn2[C@@H]2O[C@H](CO)[C@@H](O)[C@H]2O)c(=O)[nH]1.Nc1nc2c(ncn2[C@@H]2O[C@H](CO)[C@@H](O)[C@H]2O)c(=O)[nH]1.O=c1ccn([C@@H]2O[C@H](CO)[C@@H](O)[C@H]2O)c(=O)[nH]1
rna_diverse_56	Nc1nc2c(ncn2[C@@H]2O[C@H](CO)[C@@H](O)[C@H]2O)c(=O)[nH]1.Nc1ncnc2c1ncn2[C@@H]1O[C@H](CO)[C@@H](O)[C@H]1O
rna_diverse_57	Nc1nc2c(ncn2[C@@H]2O[C@H](CO)[C@@H](O)[C@H]2O)c(=O)[nH]1.Nc1ncnc2c1ncn2[C@@H]1O[C@H](CO)[C@@H](O)[C@H]1O.Nc1ncnc2c1ncn2[C@@H]1O[C@H](CO)[C@@H](O)[C@H]1O
rna_diverse_58	Nc1nc2c(ncn2[C@@H]2O[C@H](CO)[C@@H](O)[C@H]2O)c(=O)[nH]1.Nc1ncnc2c1ncn2[C@@H]1O[C@H](CO)[C@@H](O)[C@H]1O.O=c1ccn([C@@H]2O[C@H](CO)[C@@H](O)[C@H]2O)c(=O)[nH]1
rna_diverse_59	Nc1nc2c(ncn2[C@@H]2O[C@H](CO)[C@@H](O)[C@H]2O)c(=O)[nH]1.O=c1ccn([C@@H]2O[C@H](CO)[C@@H](O)[C@H]2O)c(=O)[nH]1
rna_diverse_60	Nc1nc2c(ncn2[C@@H]2O[C@H](CO)[C@@H](O)[C@H]2O)c(=O)[nH]1.O=c1ccn([C@@H]2O[C@H](CO)[C@@H](O)[C@H]2O)c(=O)[nH]1.O=c1ccn([C@@H]2O[C@H](CO)[C@@H](O)[C@H]2O)c(=O)[nH]1
rna_diverse_61	Nc1nc2c(ncn2[C@@H]2O[C@H](CO)[C@@H](OP(=O)([O-])OC[C@H]3O[C@@H](n4ccc(=O)[nH]c4=O)[C@H](O)[C@@H]3OP(=O)([O-])OC[C@H]3O[C@@H](n4ccc(=O)[nH]c4=O)[C@H](O)[C@@H]3O)[C@H]2O)c(=O)[nH]1
rna_diverse_62	Nc1nc2c(ncn2[C@@H]2O[C@H](CO)[C@@H](OP(=O)([O-])OC[C@H]3O[C@@H](n4ccc(=O)[nH]c4=O)[C@H](O)[C@@H]3OP(=O)([O-])OC[C@H]3O[C@@H](n4cnc5c(N)ncnc54)[C@H](O)[C@@H]3O)[C@H]2O)c(=O)[nH]1
rna_diverse_63	Nc1nc2c(ncn2[C@@H]2O[C@H](CO)[C@@H](OP(=O)([O-])OC[C@H]3O[C@@H](n4cnc5c(=O)[nH]c(N)nc54)[C@H](O)[C@@H]3OP(=O)([O-])OC[C@H]3O[C@@H](n4ccc(=O)[nH]c4=O)[C@H](O)[C@@H]3O)[C@H]2O)c(=O)[nH]1
rna_diverse_64	Nc1nc2c(ncn2[C@@H]2O[C@H](CO)[C@@H](OP(=O)([O-])OC[C@H]3O[C@@H](n4cnc5c(=O)[nH]c(N)nc54)[C@H](O)[C@@H]3OP(=O)([O-])OC[C@H]3O[C@@H](n4cnc5c(N)ncnc54)[C@H](O)[C@@H]3O)[C@H]2O)c(=O)[nH]1
rna_diverse_65	Nc1nc2c(ncn2[C@@H]2O[C@H](CO)[C@@H](OP(=O)([O-])OC[C@H]3O[C@@H](n4cnc5c(N)ncnc54)[C@H](O)[C@@H]3OP(=O)([O-])OC[C@H]3O[C@@H](n4ccc(=O)[nH]c4=O)[C@H](O)[C@@H]3O)[C@H]2O)c(=O)[nH]1
rna_diverse_66	Nc1nc2c(ncn2[C@@H]2O[C@H](CO)[C@@H](OP(=O)([O-])OC[C@H]3O[C@@H](n4cnc5c(N)ncnc54)[C@H](O)[C@@H]3OP(=O)([O-])OC[C@H]3O[C@@H](n4cnc5c(N)ncnc54)[C@H](O)[C@@H]3O)[C@H]2O)c(=O)[nH]1
rna_diverse_67	Nc1nc2c(ncn2[C@@H]2O[C@H](COP(=O)([O-])O[C@@H]3[C@@H](CO)O[C@@H](n4ccc(=O)[nH]c4=O)[C@@H]3O)[C@@H](OP(=O)([O-])OC[C@H]3O[C@@H](n4ccc(=O)[nH]c4=O)[C@H](O)[C@@H]3O)[C@H]2O)c(=O)[nH]1
rna_diverse_68	Nc1nc2c(ncn2[C@@H]2O[C@H](COP(=O)([O-])O[C@@H]3[C@@H](CO)O[C@@H](n4ccc(=O)[nH]c4=O)[C@@H]3O)[C@@H](OP(=O)([O-])OC[C@H]3O[C@@H](n4cnc5c(N)ncnc54)[C@H](O)[C@@H]3O)[C@H]2O)c(=O)[nH]1
rna_diverse_69	Nc1nc2c(ncn2[C@@H]2O[C@H](COP(=O)([O-])O[C@@H]3[C@@H](CO)O[C@@H](n4cnc5c(N)ncnc54)[C@@H]3O)[C@@H](OP(=O)([O-])OC[C@H]3O[C@@H](n4ccc(=O)[nH]c4=O)[C@H](O)[C@@H]3O)[C@H]2O)c(=O)[nH]1
rna_diverse_70	Nc1nc2c(ncn2[C@@H]2O[C@H](COP(=O)([O-])O[C@@H]3[C@@H](CO)O[C@@H](n4cnc5c(N)ncnc54)[C@@H]3O)[C@@H](OP(=O)([O-])OC[C@H]3O[C@@H](n4cnc5c(N)ncnc54)[C@H](O)[C@@H]3O)[C@H]2O)c(=O)[nH]1
rna_diverse_71	Nc1nc2c(ncn2[C@@H]2O[C@H](COP(=O)([O-])O[C@@H]3[C@@H](COP(=O)([O-])O[C@@H]4[C@@H](CO)O[C@@H](n5ccc(=O)[nH]c5=O)[C@@H]4O)O[C@@H](n4ccc(=O)[nH]c4=O)[C@@H]3O)[C@@H](O)[C@H]2O)c(=O)[nH]1
rna_diverse_72	Nc1nc2c(ncn2[C@@H]2O[C@H](COP(=O)([O-])O[C@@H]3[C@@H](COP(=O)([O-])O[C@@H]4[C@@H](CO)O[C@@H](n5ccc(=O)[nH]c5=O)[C@@H]4O)O[C@@H](n4cnc5c(=O)[nH]c(N)nc54)[C@@H]3O)[C@@H](O)[C@H]2O)c(=O)[nH]1
rna_diverse_73	Nc1nc2c(ncn2[C@@H]2O[C@H](COP(=O)([O-])O[C@@H]3[C@@H](COP(=O)([O-])O[C@@H]4[C@@H](CO)O[C@@H](n5ccc(=O)[nH]c5=O)[C@@H]4O)O[C@@H](n4cnc5c(N)ncnc54)[C@@H]3O)[C@@H](O)[C@H]2O)c(=O)[nH]1
rna_diverse_74	Nc1nc2c(ncn2[C@@H]2O[C@H](COP(=O)([O-])O[C@@H]3[C@@H](COP(=O)([O-])O[C@@H]4[C@@H](CO)O[C@@H](n5cnc6c(=O)[nH]c(N)nc65)[C@@H]4O)O[C@@H](n4ccc(=O)[nH]c4=O)[C@@H]3O)[C@@H](O)[C@H]2O)c(=O)[nH]1
rna_diverse_75	Nc1nc2c(ncn2[C@@H]2O[C@H](COP(=O)([O-])O[C@@H]3[C@@H](COP(=O)([O-])O[C@@H]4[C@@H](CO)O[C@@H](n5cnc6c(=O)[nH]c(N)nc65)[C@@H]4O)O[C@@H](n4cnc5c(=O)[nH]c(N)nc54)[C@@H]3O)[C@@H](O)[C@H]2O)c(=O)[nH]1
rna_diverse_76	Nc1nc2c(ncn2[C@@H]2O[C@H](COP(=O)([O-])O[C@@H]3[C@@H](COP(=O)([O-])O[C@@H]4[C@@H](CO)O[C@@H](n5cnc6c(=O)[nH]c(N)nc65)[C@@H]4O)O[C@@H](n4cnc5c(N)ncnc54)[C@@H]3O)[C@@H](O)[C@H]2O)c(=O)[nH]1
rna_diverse_77	Nc1nc2c(ncn2[C@@H]2O[C@H](COP(=O)([O-])O[C@@H]3[C@@H](COP(=O)([O-])O[C@@H]4[C@@H](CO)O[C@@H](n5cnc6c(N)ncnc65)[C@@H]4O)O[C@@H](n4ccc(=O)[nH]c4=O)[C@@H]3O)[C@@H](O)[C@H]2O)c(=O)[nH]1
rna_diverse_78	Nc1nc2c(ncn2[C@@H]2O[C@H](COP(=O)([O-])O[C@@H]3[C@@H](COP(=O)([O-])O[C@@H]4[C@@H](CO)O[C@@H](n5cnc6c(N)ncnc65)[C@@H]4O)O[C@@H](n4cnc5c(=O)[nH]c(N)nc54)[C@@H]3O)[C@@H](O)[C@H]2O)c(=O)[nH]1
rna_diverse_79	Nc1nc2c(ncn2[C@@H]2O[C@H](COP(=O)([O-])O[C@@H]3[C@@H](COP(=O)([O-])O[C@@H]4[C@@H](CO)O[C@@H](n5cnc6c(N)ncnc65)[C@@H]4O)O[C@@H](n4cnc5c(N)ncnc54)[C@@H]3O)[C@@H](O)[C@H]2O)c(=O)[nH]1
rna_diverse_80	Nc1ncnc2c1ncn2[C@@H]1O[C@H](CO)[C@@H](O)[C@H]1O.Nc1ncnc2c1ncn2[C@@H]1O[C@H](CO)[C@@H](O)[C@H]1O
rna_diverse_81	Nc1ncnc2c1ncn2[C@@H]1O[C@H](CO)[C@@H](O)[C@H]1O.Nc1ncnc2c1ncn2[C@@H]1O[C@H](CO)[C@@H](O)[C@H]1O.Nc1ncnc2c1ncn2[C@@H]1O[C@H](CO)[C@@H](O)[C@H]1O
rna_diverse_82	Nc1ncnc2c1ncn2[C@@H]1O[C@H](CO)[C@@H](O)[C@H]1O.Nc1ncnc2c1ncn2[C@@H]1O[C@H](CO)[C@@H](O)[C@H]1O.O=c1ccn([C@@H]2O[C@H](CO)[C@@H](O)[C@H]2O)c(=O)[nH]1
rna_diverse_83	Nc1ncnc2c1ncn2[C@@H]1O[C@H](CO)[C@@H](O)[C@H]1O.O=c1ccn([C@@H]2O[C@H](CO)[C@@H](O)[C@H]2O)c(=O)[nH]1
rna_diverse_84	Nc1ncnc2c1ncn2[C@@H]1O[C@H](CO)[C@@H](O)[C@H]1O.O=c1ccn([C@@H]2O[C@H](CO)[C@@H](O)[C@H]2O)c(=O)[nH]1.O=c1ccn([C@@H]2O[C@H](CO)[C@@H](O)[C@H]2O)c(=O)[nH]1
rna_diverse_85	Nc1ncnc2c1ncn2[C@@H]1O[C@H](CO)[C@@H](OP(=O)([O-])OC[C@H]2O[C@@H](n3ccc(=O)[nH]c3=O)[C@H](O)[C@@H]2OP(=O)([O-])OC[C@H]2O[C@@H](n3ccc(=O)[nH]c3=O)[C@H](O)[C@@H]2O)[C@H]1O
rna_diverse_86	Nc1ncnc2c1ncn2[C@@H]1O[C@H](CO)[C@@H](OP(=O)([O-])OC[C@H]2O[C@@H](n3cnc4c(N)ncnc43)[C@H](O)[C@@H]2OP(=O)([O-])OC[C@H]2O[C@@H](n3ccc(=O)[nH]c3=O)[C@H](O)[C@@H]2O)[C@H]1O
rna_diverse_87	Nc1ncnc2c1ncn2[C@@H]1O[C@H](COP(=O)([O-])O[C@@H]2[C@@H](CO)O[C@@H](n3ccc(=O)[nH]c3=O)[C@@H]2O)[C@@H](OP(=O)([O-])OC[C@H]2O[C@@H](n3ccc(=O)[nH]c3=O)[C@H](O)[C@@H]2O)[C@H]1O
rna_diverse_88	Nc1ncnc2c1ncn2[C@@H]1O[C@H](COP(=O)([O-])O[C@@H]2[C@@H](COP(=O)([O-])O[C@@H]3[C@@H](CO)O[C@@H](n4ccc(=O)[nH]c4=O)[C@@H]3O)O[C@@H](n3ccc(=O)[nH]c3=O)[C@@H]2O)[C@@H](O)[C@H]1O
rna_diverse_89	Nc1ncnc2c1ncn2[C@@H]1O[C@H](COP(=O)([O-])O[C@@H]2[C@@H](COP(=O)([O-])O[C@@H]3[C@@H](CO)O[C@@H](n4ccc(=O)[nH]c4=O)[C@@H]3O)O[C@@H](n3cnc4c(N)ncnc43)[C@@H]2O)[C@@H](O)[C@H]1O
rna_diverse_90	Nc1ncnc2c1ncn2[C@@H]1O[C@H](COP(=O)([O-])O[C@@H]2[C@@H](COP(=O)([O-])O[C@@H]3[C@@H](CO)O[C@@H](n4cnc5c(N)ncnc54)[C@@H]3O)O[C@@H](n3ccc(=O)[nH]c3=O)[C@@H]2O)[C@@H](O)[C@H]1O
rna_diverse_91	Nc1ncnc2c1ncn2[C@@H]1O[C@H](COP(=O)([O-])O[C@@H]2[C@@H](COP(=O)([O-])O[C@@H]3[C@@H](CO)O[C@@H](n4cnc5c(N)ncnc54)[C@@H]3O)O[C@@H](n3cnc4c(N)ncnc43)[C@@H]2O)[C@@H](O)[C@H]1O
rna_diverse_92	O=c1ccn([C@@H]2O[C@H](CO)[C@@H](O)[C@H]2O)c(=O)[nH]1.O=c1ccn([C@@H]2O[C@H](CO)[C@@H](O)[C@H]2O)c(=O)[nH]1
rna_diverse_93	O=c1ccn([C@@H]2O[C@H](CO)[C@@H](O)[C@H]2O)c(=O)[nH]1.O=c1ccn([C@@H]2O[C@H](CO)[C@@H](O)[C@H]2O)c(=O)[nH]1.O=c1ccn([C@@H]2O[C@H](CO)[C@@H](O)[C@H]2O)c(=O)[nH]1
rna_diverse_94	O=c1ccn([C@@H]2O[C@H](COP(=O)([O-])O[C@@H]3[C@@H](COP(=O)([O-])O[C@@H]4[C@@H](CO)O[C@@H](n5ccc(=O)[nH]c5=O)[C@@H]4O)O[C@@H](n4ccc(=O)[nH]c4=O)[C@@H]3O)[C@@H](O)[C@H]2O)c(=O)[nH]1
rna_nucleoside_1	adenosine
rna_nucleoside_2	cytidine
rna_nucleoside_3	guanosine
rna_nucleoside_4	uridine
rna_trinucleotide_1	Nc1ccn([C@@H]2O[C@H](CO)[C@@H](OP(=O)([O-])OC[C@H]3O[C@@H](n4ccc(=O)[nH]c4=O)[C@H](O)[C@@H]3OP(=O)([O-])OC[C@H]3O[C@@H](n4ccc(=O)[nH]c4=O)[C@H](O)[C@@H]3O)[C@H]2O)c(=O)n1
rna_trinucleotide_2	Nc1ccn([C@@H]2O[C@H](CO)[C@@H](OP(=O)([O-])OC[C@H]3O[C@@H](n4ccc(=O)[nH]c4=O)[C@H](O)[C@@H]3OP(=O)([O-])OC[C@H]3O[C@@H](n4cnc5c(=O)[nH]c(N)nc54)[C@H](O)[C@@H]3O)[C@H]2O)c(=O)n1
rna_trinucleotide_3	Nc1ccn([C@@H]2O[C@H](CO)[C@@H](OP(=O)([O-])OC[C@H]3O[C@@H](n4ccc(=O)[nH]c4=O)[C@H](O)[C@@H]3OP(=O)([O-])OC[C@H]3O[C@@H](n4cnc5c(N)ncnc54)[C@H](O)[C@@H]3O)[C@H]2O)c(=O)n1
rna_trinucleotide_4	Nc1ccn([C@@H]2O[C@H](CO)[C@@H](OP(=O)([O-])OC[C@H]3O[C@@H](n4ccc(N)nc4=O)[C@H](O)[C@@H]3OP(=O)([O-])OC[C@H]3O[C@@H](n4ccc(=O)[nH]c4=O)[C@H](O)[C@@H]3O)[C@H]2O)c(=O)n1
rna_trinucleotide_5	Nc1ccn([C@@H]2O[C@H](CO)[C@@H](OP(=O)([O-])OC[C@H]3O[C@@H](n4ccc(N)nc4=O)[C@H](O)[C@@H]3OP(=O)([O-])OC[C@H]3O[C@@H](n4cnc5c(=O)[nH]c(N)nc54)[C@H](O)[C@@H]3O)[C@H]2O)c(=O)n1
rna_trinucleotide_6	Nc1ccn([C@@H]2O[C@H](CO)[C@@H](OP(=O)([O-])OC[C@H]3O[C@@H](n4ccc(N)nc4=O)[C@H](O)[C@@H]3OP(=O)([O-])OC[C@H]3O[C@@H](n4cnc5c(N)ncnc54)[C@H](O)[C@@H]3O)[C@H]2O)c(=O)n1
rna_trinucleotide_7	Nc1ccn([C@@H]2O[C@H](CO)[C@@H](OP(=O)([O-])OC[C@H]3O[C@@H](n4cnc5c(=O)[nH]c(N)nc54)[C@H](O)[C@@H]3OP(=O)([O-])OC[C@H]3O[C@@H](n4ccc(=O)[nH]c4=O)[C@H](O)[C@@H]3O)[C@H]2O)c(=O)n1
rna_trinucleotide_8	Nc1ccn([C@@H]2O[C@H](CO)[C@@H](OP(=O)([O-])OC[C@H]3O[C@@H](n4cnc5c(=O)[nH]c(N)nc54)[C@H](O)[C@@H]3OP(=O)([O-])OC[C@H]3O[C@@H](n4cnc5c(=O)[nH]c(N)nc54)[C@H](O)[C@@H]3O)[C@H]2O)c(=O)n1
rna_trinucleotide_9	Nc1ccn([C@@H]2O[C@H](CO)[C@@H](OP(=O)([O-])OC[C@H]3O[C@@H](n4cnc5c(=O)[nH]c(N)nc54)[C@H](O)[C@@H]3OP(=O)([O-])OC[C@H]3O[C@@H](n4cnc5c(N)ncnc54)[C@H](O)[C@@H]3O)[C@H]2O)c(=O)n1
rna_trinucleotide_10	Nc1ccn([C@@H]2O[C@H](CO)[C@@H](OP(=O)([O-])OC[C@H]3O[C@@H](n4cnc5c(N)ncnc54)[C@H](O)[C@@H]3OP(=O)([O-])OC[C@H]3O[C@@H](n4ccc(=O)[nH]c4=O)[C@H](O)[C@@H]3O)[C@H]2O)c(=O)n1
rna_trinucleotide_11	Nc1ccn([C@@H]2O[C@H](CO)[C@@H](OP(=O)([O-])OC[C@H]3O[C@@H](n4cnc5c(N)ncnc54)[C@H](O)[C@@H]3OP(=O)([O-])OC[C@H]3O[C@@H](n4cnc5c(=O)[nH]c(N)nc54)[C@H](O)[C@@H]3O)[C@H]2O)c(=O)n1
rna_trinucleotide_12	Nc1ccn([C@@H]2O[C@H](CO)[C@@H](OP(=O)([O-])OC[C@H]3O[C@@H](n4cnc5c(N)ncnc54)[C@H](O)[C@@H]3OP(=O)([O-])OC[C@H]3O[C@@H](n4cnc5c(N)ncnc54)[C@H](O)[C@@H]3O)[C@H]2O)c(=O)n1
rna_trinucleotide_13	Nc1ccn([C@@H]2O[C@H](COP(=O)([O-])O[C@@H]3[C@@H](CO)O[C@@H](n4ccc(=O)[nH]c4=O)[C@@H]3O)[C@@H](OP(=O)([O-])OC[C@H]3O[C@@H](n4ccc(=O)[nH]c4=O)[C@H](O)[C@@H]3O)[C@H]2O)c(=O)n1
rna_trinucleotide_14	Nc1ccn([C@@H]2O[C@H](COP(=O)([O-])O[C@@H]3[C@@H](CO)O[C@@H](n4ccc(=O)[nH]c4=O)[C@@H]3O)[C@@H](OP(=O)([O-])OC[C@H]3O[C@@H](n4cnc5c(=O)[nH]c(N)nc54)[C@H](O)[C@@H]3O)[C@H]2O)c(=O)n1
rna_trinucleotide_15	Nc1ccn([C@@H]2O[C@H](COP(=O)([O-])O[C@@H]3[C@@H](CO)O[C@@H](n4ccc(=O)[nH]c4=O)[C@@H]3O)[C@@H](OP(=O)([O-])OC[C@H]3O[C@@H](n4cnc5c(N)ncnc54)[C@H](O)[C@@H]3O)[C@H]2O)c(=O)n1
rna_trinucleotide_16	Nc1ccn([C@@H]2O[C@H](COP(=O)([O-])O[C@@H]3[C@@H](CO)O[C@@H](n4cnc5c(=O)[nH]c(N)nc54)[C@@H]3O)[C@@H](OP(=O)([O-])OC[C@H]3O[C@@H](n4ccc(=O)[nH]c4=O)[C@H](O)[C@@H]3O)[C@H]2O)c(=O)n1
rna_trinucleotide_17	Nc1ccn([C@@H]2O[C@H](COP(=O)([O-])O[C@@H]3[C@@H](CO)O[C@@H](n4cnc5c(=O)[nH]c(N)nc54)[C@@H]3O)[C@@H](OP(=O)([O-])OC[C@H]3O[C@@H](n4cnc5c(=O)[nH]c(N)nc54)[C@H](O)[C@@H]3O)[C@H]2O)c(=O)n1
rna_trinucleotide_18	Nc1ccn([C@@H]2O[C@H](COP(=O)([O-])O[C@@H]3[C@@H](CO)O[C@@H](n4cnc5c(=O)[nH]c(N)nc54)[C@@H]3O)[C@@H](OP(=O)([O-])OC[C@H]3O[C@@H](n4cnc5c(N)ncnc54)[C@H](O)[C@@H]3O)[C@H]2O)c(=O)n1
rna_trinucleotide_19	Nc1ccn([C@@H]2O[C@H](COP(=O)([O-])O[C@@H]3[C@@H](CO)O[C@@H](n4cnc5c(N)ncnc54)[C@@H]3O)[C@@H](OP(=O)([O-])OC[C@H]3O[C@@H](n4ccc(=O)[nH]c4=O)[C@H](O)[C@@H]3O)[C@H]2O)c(=O)n1
rna_trinucleotide_20	Nc1ccn([C@@H]2O[C@H](COP(=O)([O-])O[C@@H]3[C@@H](CO)O[C@@H](n4cnc5c(N)ncnc54)[C@@H]3O)[C@@H](OP(=O)([O-])OC[C@H]3O[C@@H](n4cnc5c(=O)[nH]c(N)nc54)[C@H](O)[C@@H]3O)[C@H]2O)c(=O)n1
rna_trinucleotide_21	Nc1ccn([C@@H]2O[C@H](COP(=O)([O-])O[C@@H]3[C@@H](CO)O[C@@H](n4cnc5c(N)ncnc54)[C@@H]3O)[C@@H](OP(=O)([O-])OC[C@H]3O[C@@H](n4cnc5c(N)ncnc54)[C@H](O)[C@@H]3O)[C@H]2O)c(=O)n1
rna_trinucleotide_22	Nc1ccn([C@@H]2O[C@H](COP(=O)([O-])O[C@@H]3[C@@H](COP(=O)([O-])O[C@@H]4[C@@H](CO)O[C@@H](n5ccc(=O)[nH]c5=O)[C@@H]4O)O[C@@H](n4ccc(=O)[nH]c4=O)[C@@H]3O)[C@@H](O)[C@H]2O)c(=O)n1
rna_trinucleotide_23	Nc1ccn([C@@H]2O[C@H](COP(=O)([O-])O[C@@H]3[C@@H](COP(=O)([O-])O[C@@H]4[C@@H](CO)O[C@@H](n5ccc(=O)[nH]c5=O)[C@@H]4O)O[C@@H](n4ccc(N)nc4=O)[C@@H]3O)[C@@H](O)[C@H]2O)c(=O)n1
rna_trinucleotide_24	Nc1ccn([C@@H]2O[C@H](COP(=O)([O-])O[C@@H]3[C@@H](COP(=O)([O-])O[C@@H]4[C@@H](CO)O[C@@H](n5ccc(=O)[nH]c5=O)[C@@H]4O)O[C@@H](n4cnc5c(=O)[nH]c(N)nc54)[C@@H]3O)[C@@H](O)[C@H]2O)c(=O)n1
rna_trinucleotide_25	Nc1ccn([C@@H]2O[C@H](COP(=O)([O-])O[C@@H]3[C@@H](COP(=O)([O-])O[C@@H]4[C@@H](CO)O[C@@H](n5ccc(=O)[nH]c5=O)[C@@H]4O)O[C@@H](n4cnc5c(N)ncnc54)[C@@H]3O)[C@@H](O)[C@H]2O)c(=O)n1
rna_trinucleotide_26	Nc1ccn([C@@H]2O[C@H](COP(=O)([O-])O[C@@H]3[C@@H](COP(=O)([O-])O[C@@H]4[C@@H](CO)O[C@@H](n5ccc(N)nc5=O)[C@@H]4O)O[C@@H](n4ccc(=O)[nH]c4=O)[C@@H]3O)[C@@H](O)[C@H]2O)c(=O)n1
rna_trinucleotide_27	Nc1ccn([C@@H]2O[C@H](COP(=O)([O-])O[C@@H]3[C@@H](COP(=O)([O-])O[C@@H]4[C@@H](CO)O[C@@H](n5ccc(N)nc5=O)[C@@H]4O)O[C@@H](n4ccc(N)nc4=O)[C@@H]3O)[C@@H](O)[C@H]2O)c(=O)n1
rna_trinucleotide_28	Nc1ccn([C@@H]2O[C@H](COP(=O)([O-])O[C@@H]3[C@@H](COP(=O)([O-])O[C@@H]4[C@@H](CO)O[C@@H](n5ccc(N)nc5=O)[C@@H]4O)O[C@@H](n4cnc5c(=O)[nH]c(N)nc54)[C@@H]3O)[C@@H](O)[C@H]2O)c(=O)n1
rna_trinucleotide_29	Nc1ccn([C@@H]2O[C@H](COP(=O)([O-])O[C@@H]3[C@@H](COP(=O)([O-])O[C@@H]4[C@@H](CO)O[C@@H](n5ccc(N)nc5=O)[C@@H]4O)O[C@@H](n4cnc5c(N)ncnc54)[C@@H]3O)[C@@H](O)[C@H]2O)c(=O)n1
rna_trinucleotide_30	Nc1ccn([C@@H]2O[C@H](COP(=O)([O-])O[C@@H]3[C@@H](COP(=O)([O-])O[C@@H]4[C@@H](CO)O[C@@H](n5cnc6c(=O)[nH]c(N)nc65)[C@@H]4O)O[C@@H](n4ccc(=O)[nH]c4=O)[C@@H]3O)[C@@H](O)[C@H]2O)c(=O)n1
rna_trinucleotide_31	Nc1ccn([C@@H]2O[C@H](COP(=O)([O-])O[C@@H]3[C@@H](COP(=O)([O-])O[C@@H]4[C@@H](CO)O[C@@H](n5cnc6c(=O)[nH]c(N)nc65)[C@@H]4O)O[C@@H](n4ccc(N)nc4=O)[C@@H]3O)[C@@H](O)[C@H]2O)c(=O)n1
rna_trinucleotide_32	Nc1ccn([C@@H]2O[C@H](COP(=O)([O-])O[C@@H]3[C@@H](COP(=O)([O-])O[C@@H]4[C@@H](CO)O[C@@H](n5cnc6c(=O)[nH]c(N)nc65)[C@@H]4O)O[C@@H](n4cnc5c(=O)[nH]c(N)nc54)[C@@H]3O)[C@@H](O)[C@H]2O)c(=O)n1
rna_trinucleotide_33	Nc1ccn([C@@H]2O[C@H](COP(=O)([O-])O[C@@H]3[C@@H](COP(=O)([O-])O[C@@H]4[C@@H](CO)O[C@@H](n5cnc6c(=O)[nH]c(N)nc65)[C@@H]4O)O[C@@H](n4cnc5c(N)ncnc54)[C@@H]3O)[C@@H](O)[C@H]2O)c(=O)n1
rna_trinucleotide_34	Nc1ccn([C@@H]2O[C@H](COP(=O)([O-])O[C@@H]3[C@@H](COP(=O)([O-])O[C@@H]4[C@@H](CO)O[C@@H](n5cnc6c(N)ncnc65)[C@@H]4O)O[C@@H](n4ccc(=O)[nH]c4=O)[C@@H]3O)[C@@H](O)[C@H]2O)c(=O)n1
rna_trinucleotide_35	Nc1ccn([C@@H]2O[C@H](COP(=O)([O-])O[C@@H]3[C@@H](COP(=O)([O-])O[C@@H]4[C@@H](CO)O[C@@H](n5cnc6c(N)ncnc65)[C@@H]4O)O[C@@H](n4ccc(N)nc4=O)[C@@H]3O)[C@@H](O)[C@H]2O)c(=O)n1
rna_trinucleotide_36	Nc1ccn([C@@H]2O[C@H](COP(=O)([O-])O[C@@H]3[C@@H](COP(=O)([O-])O[C@@H]4[C@@H](CO)O[C@@H](n5cnc6c(N)ncnc65)[C@@H]4O)O[C@@H](n4cnc5c(=O)[nH]c(N)nc54)[C@@H]3O)[C@@H](O)[C@H]2O)c(=O)n1
rna_trinucleotide_37	Nc1ccn([C@@H]2O[C@H](COP(=O)([O-])O[C@@H]3[C@@H](COP(=O)([O-])O[C@@H]4[C@@H](CO)O[C@@H](n5cnc6c(N)ncnc65)[C@@H]4O)O[C@@H](n4cnc5c(N)ncnc54)[C@@H]3O)[C@@H](O)[C@H]2O)c(=O)n1
rna_trinucleotide_38	Nc1nc2c(ncn2[C@@H]2O[C@H](CO)[C@@H](OP(=O)([O-])OC[C@H]3O[C@@H](n4ccc(=O)[nH]c4=O)[C@H](O)[C@@H]3OP(=O)([O-])OC[C@H]3O[C@@H](n4ccc(=O)[nH]c4=O)[C@H](O)[C@@H]3O)[C@H]2O)c(=O)[nH]1
rna_trinucleotide_39	Nc1nc2c(ncn2[C@@H]2O[C@H](CO)[C@@H](OP(=O)([O-])OC[C@H]3O[C@@H](n4ccc(=O)[nH]c4=O)[C@H](O)[C@@H]3OP(=O)([O-])OC[C@H]3O[C@@H](n4cnc5c(N)ncnc54)[C@H](O)[C@@H]3O)[C@H]2O)c(=O)[nH]1
rna_trinucleotide_40	Nc1nc2c(ncn2[C@@H]2O[C@H](CO)[C@@H](OP(=O)([O-])OC[C@H]3O[C@@H](n4cnc5c(=O)[nH]c(N)nc54)[C@H](O)[C@@H]3OP(=O)([O-])OC[C@H]3O[C@@H](n4ccc(=O)[nH]c4=O)[C@H](O)[C@@H]3O)[C@H]2O)c(=O)[nH]1
rna_trinucleotide_41	Nc1nc2c(ncn2[C@@H]2O[C@H](CO)[C@@H](OP(=O)([O-])OC[C@H]3O[C@@H](n4cnc5c(=O)[nH]c(N)nc54)[C@H](O)[C@@H]3OP(=O)([O-])OC[C@H]3O[C@@H](n4cnc5c(N)ncnc54)[C@H](O)[C@@H]3O)[C@H]2O)c(=O)[nH]1
rna_trinucleotide_42	Nc1nc2c(ncn2[C@@H]2O[C@H](CO)[C@@H](OP(=O)([O-])OC[C@H]3O[C@@H](n4cnc5c(N)ncnc54)[C@H](O)[C@@H]3OP(=O)([O-])OC[C@H]3O[C@@H](n4ccc(=O)[nH]c4=O)[C@H](O)[C@@H]3O)[C@H]2O)c(=O)[nH]1
rna_trinucleotide_43	Nc1nc2c(ncn2[C@@H]2O[C@H](CO)[C@@H](OP(=O)([O-])OC[C@H]3O[C@@H](n4cnc5c(N)ncnc54)[C@H](O)[C@@H]3OP(=O)([O-])OC[C@H]3O[C@@H](n4cnc5c(N)ncnc54)[C@H](O)[C@@H]3O)[C@H]2O)c(=O)[nH]1
rna_trinucleotide_44	Nc1nc2c(ncn2[C@@H]2O[C@H](COP(=O)([O-])O[C@@H]3[C@@H](CO)O[C@@H](n4ccc(=O)[nH]c4=O)[C@@H]3O)[C@@H](OP(=O)([O-])OC[C@H]3O[C@@H](n4ccc(=O)[nH]c4=O)[C@H](O)[C@@H]3O)[C@H]2O)c(=O)[nH]1
rna_trinucleotide_45	Nc1nc2c(ncn2[C@@H]2O[C@H](COP(=O)([O-])O[C@@H]3[C@@H](CO)O[C@@H](n4ccc(=O)[nH]c4=O)[C@@H]3O)[C@@H](OP(=O)([O-])OC[C@H]3O[C@@H](n4cnc5c(N)ncnc54)[C@H](O)[C@@H]3O)[C@H]2O)c(=O)[nH]1
rna_trinucleotide_46	Nc1nc2c(ncn2[C@@H]2O[C@H](COP(=O)([O-])O[C@@H]3[C@@H](CO)O[C@@H](n4cnc5c(N)ncnc54)[C@@H]3O)[C@@H](OP(=O)([O-])OC[C@H]3O[C@@H](n4ccc(=O)[nH]c4=O)[C@H](O)[C@@H]3O)[C@H]2O)c(=O)[nH]1
rna_trinucleotide_47	Nc1nc2c(ncn2[C@@H]2O[C@H](COP(=O)([O-])O[C@@H]3[C@@H](CO)O[C@@H](n4cnc5c(N)ncnc54)[C@@H]3O)[C@@H](OP(=O)([O-])OC[C@H]3O[C@@H](n4cnc5c(N)ncnc54)[C@H](O)[C@@H]3O)[C@H]2O)c(=O)[nH]1
rna_trinucleotide_48	Nc1nc2c(ncn2[C@@H]2O[C@H](COP(=O)([O-])O[C@@H]3[C@@H](COP(=O)([O-])O[C@@H]4[C@@H](CO)O[C@@H](n5ccc(=O)[nH]c5=O)[C@@H]4O)O[C@@H](n4ccc(=O)[nH]c4=O)[C@@H]3O)[C@@H](O)[C@H]2O)c(=O)[nH]1
rna_trinucleotide_49	Nc1nc2c(ncn2[C@@H]2O[C@H](COP(=O)([O-])O[C@@H]3[C@@H](COP(=O)([O-])O[C@@H]4[C@@H](CO)O[C@@H](n5ccc(=O)[nH]c5=O)[C@@H]4O)O[C@@H](n4cnc5c(=O)[nH]c(N)nc54)[C@@H]3O)[C@@H](O)[C@H]2O)c(=O)[nH]1
rna_trinucleotide_50	Nc1nc2c(ncn2[C@@H]2O[C@H](COP(=O)([O-])O[C@@H]3[C@@H](COP(=O)([O-])O[C@@H]4[C@@H](CO)O[C@@H](n5ccc(=O)[nH]c5=O)[C@@H]4O)O[C@@H](n4cnc5c(N)ncnc54)[C@@H]3O)[C@@H](O)[C@H]2O)c(=O)[nH]1
rna_trinucleotide_51	Nc1nc2c(ncn2[C@@H]2O[C@H](COP(=O)([O-])O[C@@H]3[C@@H](COP(=O)([O-])O[C@@H]4[C@@H](CO)O[C@@H](n5cnc6c(=O)[nH]c(N)nc65)[C@@H]4O)O[C@@H](n4ccc(=O)[nH]c4=O)[C@@H]3O)[C@@H](O)[C@H]2O)c(=O)[nH]1
rna_trinucleotide_52	Nc1nc2c(ncn2[C@@H]2O[C@H](COP(=O)([O-])O[C@@H]3[C@@H](COP(=O)([O-])O[C@@H]4[C@@H](CO)O[C@@H](n5cnc6c(=O)[nH]c(N)nc65)[C@@H]4O)O[C@@H](n4cnc5c(=O)[nH]c(N)nc54)[C@@H]3O)[C@@H](O)[C@H]2O)c(=O)[nH]1
rna_trinucleotide_53	Nc1nc2c(ncn2[C@@H]2O[C@H](COP(=O)([O-])O[C@@H]3[C@@H](COP(=O)([O-])O[C@@H]4[C@@H](CO)O[C@@H](n5cnc6c(=O)[nH]c(N)nc65)[C@@H]4O)O[C@@H](n4cnc5c(N)ncnc54)[C@@H]3O)[C@@H](O)[C@H]2O)c(=O)[nH]1
rna_trinucleotide_54	Nc1nc2c(ncn2[C@@H]2O[C@H](COP(=O)([O-])O[C@@H]3[C@@H](COP(=O)([O-])O[C@@H]4[C@@H](CO)O[C@@H](n5cnc6c(N)ncnc65)[C@@H]4O)O[C@@H](n4ccc(=O)[nH]c4=O)[C@@H]3O)[C@@H](O)[C@H]2O)c(=O)[nH]1
rna_trinucleotide_55	Nc1nc2c(ncn2[C@@H]2O[C@H](COP(=O)([O-])O[C@@H]3[C@@H](COP(=O)([O-])O[C@@H]4[C@@H](CO)O[C@@H](n5cnc6c(N)ncnc65)[C@@H]4O)O[C@@H](n4cnc5c(=O)[nH]c(N)nc54)[C@@H]3O)[C@@H](O)[C@H]2O)c(=O)[nH]1
rna_trinucleotide_56	Nc1nc2c(ncn2[C@@H]2O[C@H](COP(=O)([O-])O[C@@H]3[C@@H](COP(=O)([O-])O[C@@H]4[C@@H](CO)O[C@@H](n5cnc6c(N)ncnc65)[C@@H]4O)O[C@@H](n4cnc5c(N)ncnc54)[C@@H]3O)[C@@H](O)[C@H]2O)c(=O)[nH]1
rna_trinucleotide_57	Nc1ncnc2c1ncn2[C@@H]1O[C@H](CO)[C@@H](OP(=O)([O-])OC[C@H]2O[C@@H](n3ccc(=O)[nH]c3=O)[C@H](O)[C@@H]2OP(=O)([O-])OC[C@H]2O[C@@H](n3ccc(=O)[nH]c3=O)[C@H](O)[C@@H]2O)[C@H]1O
rna_trinucleotide_58	Nc1ncnc2c1ncn2[C@@H]1O[C@H](CO)[C@@H](OP(=O)([O-])OC[C@H]2O[C@@H](n3cnc4c(N)ncnc43)[C@H](O)[C@@H]2OP(=O)([O-])OC[C@H]2O[C@@H](n3ccc(=O)[nH]c3=O)[C@H](O)[C@@H]2O)[C@H]1O
rna_trinucleotide_59	Nc1ncnc2c1ncn2[C@@H]1O[C@H](COP(=O)([O-])O[C@@H]2[C@@H](CO)O[C@@H](n3ccc(=O)[nH]c3=O)[C@@H]2O)[C@@H](OP(=O)([O-])OC[C@H]2O[C@@H](n3ccc(=O)[nH]c3=O)[C@H](O)[C@@H]2O)[C@H]1O
rna_trinucleotide_60	Nc1ncnc2c1ncn2[C@@H]1O[C@H](COP(=O)([O-])O[C@@H]2[C@@H](COP(=O)([O-])O[C@@H]3[C@@H](CO)O[C@@H](n4ccc(=O)[nH]c4=O)[C@@H]3O)O[C@@H](n3ccc(=O)[nH]c3=O)[C@@H]2O)[C@@H](O)[C@H]1O
rna_trinucleotide_61	Nc1ncnc2c1ncn2[C@@H]1O[C@H](COP(=O)([O-])O[C@@H]2[C@@H](COP(=O)([O-])O[C@@H]3[C@@H](CO)O[C@@H](n4ccc(=O)[nH]c4=O)[C@@H]3O)O[C@@H](n3cnc4c(N)ncnc43)[C@@H]2O)[C@@H](O)[C@H]1O
rna_trinucleotide_62	Nc1ncnc2c1ncn2[C@@H]1O[C@H](COP(=O)([O-])O[C@@H]2[C@@H](COP(=O)([O-])O[C@@H]3[C@@H](CO)O[C@@H](n4cnc5c(N)ncnc54)[C@@H]3O)O[C@@H](n3ccc(=O)[nH]c3=O)[C@@H]2O)[C@@H](O)[C@H]1O
rna_trinucleotide_63	Nc1ncnc2c1ncn2[C@@H]1O[C@H](COP(=O)([O-])O[C@@H]2[C@@H](COP(=O)([O-])O[C@@H]3[C@@H](CO)O[C@@H](n4cnc5c(N)ncnc54)[C@@H]3O)O[C@@H](n3cnc4c(N)ncnc43)[C@@H]2O)[C@@H](O)[C@H]1O
rna_trinucleotide_64	O=c1ccn([C@@H]2O[C@H](COP(=O)([O-])O[C@@H]3[C@@H](COP(=O)([O-])O[C@@H]4[C@@H](CO)O[C@@H](n5ccc(=O)[nH]c5=O)[C@@H]4O)O[C@@H](n4ccc(=O)[nH]c4=O)[C@@H]3O)[C@@H](O)[C@H]2O)c(=O)[nH]1
